{
    "entityNodes": [
        {
            "uuid": "76928da0-11ea-4a65-b59f-27ad94ae6fc8",
            "name": "main camera"
        }
    ],
    "cameraComponents": [
        {
            "key": "76928da0-11ea-4a65-b59f-27ad94ae6fc8",
            "value": {
                "cameraType": 0,
                "fov": 60.0,
                "aspect": 1.7777777910232545,
                "near": 0.009999999776482582,
                "far": 100.0
            }
        }
    ],
    "pointLightComponents": [],
    "directionalComponents": [],
    "transformComponents": [
        {
            "key": "76928da0-11ea-4a65-b59f-27ad94ae6fc8",
            "value": {
                "position": {
                    "x": 0.0,
                    "y": 0.0,
                    "z": 1.0
                },
                "rotation": {
                    "x": -1.919996738433838,
                    "y": -7.899998188018799,
                    "z": 0.0
                },
                "scale": {
                    "x": 1.0,
                    "y": 1.0,
                    "z": 1.0
                }
            }
        }
    ],
    "meshComponents": [],
    "animationComponents": []
}