{
    "entityNodes": [
        {
            "uuid": "e784b2cd-3b10-405a-adb1-29ec6a55a357",
            "name": "main camera"
        }
    ],
    "cameraComponents": [
        {
            "key": "e784b2cd-3b10-405a-adb1-29ec6a55a357",
            "value": {
                "cameraType": 0,
                "fov": 60.0,
                "aspect": 1.7777777910232545,
                "near": 0.009999999776482582,
                "far": 100.0
            }
        }
    ],
    "pointLightComponents": [],
    "directionalComponents": [],
    "transformComponents": [
        {
            "key": "e784b2cd-3b10-405a-adb1-29ec6a55a357",
            "value": {
                "position": {
                    "x": 0.0,
                    "y": 0.0,
                    "z": 1.0
                },
                "rotation": {
                    "x": -10.380005836486817,
                    "y": -29.599998474121095,
                    "z": 0.0
                },
                "scale": {
                    "x": 1.0,
                    "y": 1.0,
                    "z": 1.0
                }
            }
        }
    ],
    "meshComponents": [],
    "animationComponents": []